{"model_name": "deepforest_finetuned_10", "avg_iou": 0.6191322930109846, "box_recall": 0.7677678258211369, "box_precision": 0.5160290340879565}