{"model_name": "deepforest-tree", "avg_iou": 0.273765004009733, "box_recall": 0.3194789918412347, "box_precision": 0.49238242360772}