{"model_name": "deepforest_ft_1", "avg_iou": 0.671956235990225, "box_recall": 0.876743780754843, "box_precision": 0.6933576848272348}