{"model_name": "deepforest_ft_1", "avg_iou": 0.6038394895025565, "box_recall": 0.6288959230779267, "box_precision": 0.5416566053877533}