{"model_name": "weecology_deepforest-tree", "avg_iou": 0.23667419878033533, "box_recall": 0.4104123678622043, "box_precision": 0.4074559975830236}